User_X,User_Y,AGV_distance_X,AGV_distance_Y,AGV_speed_X,AGV_speed_Y,AGV_speed,User_speed_X,User_speed_Y,User_speed,User_velocity_X,User_velocity_Y,Wait_time,Gazing_station,closest_station,distance_to_closest_station,distance_to_closest_station_X,distance_to_closest_station_Y,start_station_X,start_station_Y,end_station_X,end_station_Y,distance_from_start_station_X,distance_from_start_station_Y,distance_from_end_station_X,distance_from_end_station_Y,GazeDirection_X,GazeDirection_Y,GazeDirection_Z,AGV_X,AGV_Y,rolling_avg
0.06428186610205697,0.9342830814240096,0.14544769240425878,0.39996777788966026,0.0,0.009945824976459173,0.0025787882753783415,0.0,0.0,0.0,0.11346287965297641,0.2954906997009711,0.0,0.1428571428571429,0.0,0.10545974751569169,0.08230898651035518,0.13581030840552483,0.0,1.0,0.002129653292443989,0.004832585433206761,0.039768117303362244,0.06642872893114918,0.035379225266574124,0.9145732579524551,0.4255,0.107,0.3412969283276451,0.1935942880276411,0.9795311716598221,0.013430026797417127
0.06425799165650956,0.9343674987031314,0.14547136543087297,0.3965926507199627,6.476113501327055e-07,0.009860903316691181,0.0025567695725235676,0.00011886623226426396,4.757362889234437e-05,7.959891369804369e-05,0.11335750032571834,0.29552421576497473,0.0,0.1428571428571429,0.0,0.10532045685314467,0.0822019174518691,0.1356302597236594,0.0,1.0,0.002129653292443989,0.004832585433206761,0.03971638664042021,0.06634066194107702,0.03532768961432859,0.9146624889312716,0.431,0.10249999999999997,0.3489761092150171,0.1935944688931004,0.9772008149220384,0.015997762103476934
0.06393191699232245,0.9345356888546639,0.14579168384310537,0.39307516293346184,0.0,0.010275520832031424,0.0026642729695895246,0.0033649949752002175,0.00019377551281039553,0.0018169945857792074,0.11047968669768021,0.29562721635191624,0.0,0.1428571428571429,0.0,0.10410602241570302,0.08073957952149285,0.13527153677734774,0.0,1.0,0.002129653292443989,0.004832585433206761,0.03900985469129053,0.06616520022803259,0.03462382110076428,0.9148402697363942,0.44349999999999995,0.10349999999999998,0.34215017064846415,0.19359458947007327,0.9747962985726069,0.015589933452244955
0.06328793523742511,0.9345057239426091,0.146424224029803,0.38953017524244693,6.476113504272281e-07,0.010932414847304412,0.0028345948206720552,0.001958051026031595,0.00015780520803648773,0.0010630362392952909,0.11172699473486583,0.29537952446427373,0.0,0.1428571428571429,0.0,0.10198486030588826,0.07785153254916984,0.1353354471873232,0.0,1.0,0.002129653292443989,0.004832585433206761,0.03761448812509024,0.0661964606481729,0.03323371469150916,0.9148085961446766,0.443,0.08700000000000006,0.38225255972696237,0.19359477033553257,0.972312969459424,0.017028290772014936
0.06303136348215077,0.9340694605993628,0.1466763764631203,0.38598907642681796,6.476113504272281e-07,0.011129732821468006,0.0028857561136220386,0.00012751104915652303,0.0002030581721043004,0.00021428736932998355,0.11334983637464476,0.2953476433302219,0.0,0.1428571428571429,0.0,0.10145678820466737,0.07670089237129431,0.13626592777986163,0.0,1.0,0.002129653292443989,0.004832585433206761,0.03705855366511749,0.06665158547472777,0.032679875955041286,0.9143474558953751,0.5345,0.01750000000000001,0.6373720136518771,0.1935949512009919,0.9697101125015851,0.018784672857256886
0.0629829863161731,0.933810086898245,0.14672410807052802,0.38219561737632846,6.476113501327055e-07,0.01206387107892954,0.0031279627415953283,0.0008860937314273278,0.00032025174571992816,0.0005734843613376136,0.11267732466795928,0.29526507936767443,0.0,0.1428571428571429,0.0,0.10148740599411088,0.07648393664751979,0.1368191307909355,0.0,1.0,0.002129653292443989,0.004832585433206761,0.03695373100599807,0.06692217298239171,0.032575448449175294,0.914073292010081,0.5569999999999999,0.008000000000000049,0.7380546075085325,0.19359513206645118,0.9669843347756814,0.019795932240811345
0.0628307867258083,0.9332929505127868,0.14687385731380084,0.3783931305794076,6.476113501327055e-07,0.012236212094341585,0.0031726479217158445,0.0003285030418945466,0.0002216234906963319,0.0002832367818701318,0.11317164951218998,0.2953345638906108,0.0,0.1428571428571429,0.0,0.10137170764322154,0.07580137139967082,0.1379221007695355,0.0,1.0,0.002129653292443989,0.004832585433206761,0.036623948029742455,0.06746166732996978,0.03224690866610989,0.9135266671207686,0.544,0.007500000000000003,0.7261092150170648,0.1935953732203969,0.9641747033712477,0.012574812563869562
0.06294717464785192,0.9341471116080204,0.1467598874983749,0.3737909243370682,6.476113504272281e-07,0.013025483991018686,0.0033772930947628624,0.0009271566116642076,0.000920143602741035,0.001046157492908948,0.1142848384055919,0.2961389494267128,0.0,0.1428571428571429,0.0,0.10112551944323085,0.07632333305979065,0.13610031048089422,0.0,1.0,0.002129653292443989,0.004832585433206761,0.03687613501158499,0.06657057728920356,0.03249814497080696,0.9144295347728356,0.5365,0.011500000000000066,0.6843003412969283,0.1935956143743427,0.9612194670822448,0.008835188924096463
0.06297324805548926,0.9350489587998567,0.14673467225504314,0.3690309408647886,6.476113501327055e-07,0.013092921779658775,0.003394778600077235,0.00017073513361634478,0.00017753085904078497,0.00019979910032501762,0.11331151661927812,0.2956157718422554,0.0,0.1428571428571429,0.0,0.10055830247429838,0.07644026374208467,0.13417681330326103,0.0,1.0,0.002129653292443989,0.004832585433206761,0.03693263034085063,0.06562973948305345,0.03255442732786459,0.9153828077106463,0.5125,0.01050000000000005,0.68259385665529,0.19359591581677485,0.9581684534124473,0.00836164582512388
0.06296296005428294,0.9351311206554906,0.14674508221788654,0.36443387349349476,0.0,0.014241861882411808,0.0036926797454057375,0.0,0.0,0.0,0.11346287965297641,0.2954906997009711,0.0,0.1428571428571429,0.0,0.10046530990946413,0.0763941254306976,0.1340015750823612,0.0,1.0,0.002129653292443989,0.004832585433206761,0.036910338509122356,0.06554402542783039,0.03253221953035092,0.9154696546556775,0.487,0.0030000000000000465,0.7610921501706484,0.19359615697072063,0.9549845340856965,0.008317708036002784
0.06296170350451735,0.935133053875623,0.1467467786562758,0.3597320842635964,6.476113504272281e-07,0.014594037000864089,0.003783992996912689,0.0,0.0,0.0,0.11346287965297641,0.2954906997009711,0.0,0.1428571428571429,0.0,0.10045978765098684,0.07638849021709304,0.13399745183010517,0.0,1.0,0.002129653292443989,0.004832585433206761,0.036907615842651696,0.06554200862653121,0.03252950712760114,0.9154716981132074,0.4915,0.003999999999999987,0.7465870307167235,0.19359651870163924,0.9517033832681183,0.01693673929964038
0.06293350966915044,0.9351349870957553,0.14677492411137083,0.35483751792528506,6.476113501327055e-07,0.014733907969896393,0.0038202592302948035,0.00026582811942775606,6.961994473594913e-06,0.0001428901811406144,0.11322721315747167,0.2954857949111158,0.0,0.1428571428571429,0.0,0.10036576330640304,0.07626205011184137,0.13399332857784912,0.0,1.0,0.002129653292443989,0.004832585433206761,0.036846526013716845,0.06553999182523208,0.03246864759090327,0.9154737415707375,0.4935,0.0030000000000000465,0.7602389078498294,0.19359688043255782,0.9482876788022168,0.02041989247664473
0.0627059170928465,0.9342105856690393,0.14699893108959308,0.3501796174318837,6.476113501327055e-07,0.01542327203155366,0.003998999952102701,0.0021266249554254893,0.00139820055649534,0.0018051532399808174,0.11157754768893538,0.29450565440523685,0.0,0.1428571428571429,0.0,0.10029451209221507,0.07524137204772033,0.1359649303651407,0.0,1.0,0.002129653292443989,0.004832585433206761,0.03635338304922312,0.06650435897987461,0.03197736364285185,0.9144966282950755,0.5045,0.005000000000000002,0.7363481228668941,0.1935973024519629,0.944758456813126,0.02454442626367645
0.062148480203058465,0.9306959914680548,0.147546803578498,0.3464611581209789,6.476113504272281e-07,0.015613096918089068,0.004048218411766956,0.002411903912860215,0.0021384926353710584,0.0024999922320547347,0.1113246373035156,0.2939841117507312,0.0,0.1428571428571429,0.0,0.10115679855290591,0.07274145041240954,0.14346100296736733,0.0,1.0,0.002129653292443989,0.004832585433206761,0.03514554013618781,0.0701709037421076,0.03077407397298689,0.9107816225052786,0.4955,0.0030000000000000465,0.7593856655290102,0.19359772447136797,0.9411056354712889,0.030353620041614505
0.061819342698817586,0.9287721152328078,0.14787059197834482,0.34184436859594225,1.295222700560468e-06,0.01644732734053077,0.004264520737468605,0.0020034363147148505,0.001394719559258543,0.0017613065551957147,0.11168675899173046,0.2945081068001645,0.0,0.1428571428571429,0.0,0.10163732347226341,0.07126537664887224,0.14756432617124396,0.0,1.0,0.002129653292443989,0.004832585433206761,0.03443237168753595,0.07217795716851841,0.03006359397772003,0.9087480416865333,0.485,0.0035000000000000166,0.7559726962457338,0.19359820677925943,0.9373043979654868,0.03333694447153253
0.061543922697058495,0.9277732848309879,0.14814163656645188,0.336673553216829,6.476113504272281e-07,0.017051769742415505,0.004421242527593637,0.0013702034773776265,0.0008922956248508773,0.0011564453483439182,0.11224814340785257,0.2948620691346475,0.0,0.1428571428571429,0.0,0.10159848261622653,0.07003020826692871,0.14969467317040994,0.0,1.0,0.002129653292443989,0.004832585433206761,0.03383559723050368,0.07321997117318677,0.029469069200005648,0.9076922552959604,0.48300000000000004,0.0030000000000000465,0.7636518771331058,0.19359868908715097,0.9333947807919433,0.0325413762373582
0.06135920988150736,0.9256412652281358,0.1483236952499571,0.33172676483762226,6.476113504272281e-07,0.01823317989154828,0.004727562678776867,0.0006764569217965539,0.0014167658750894822,0.0014625716864331475,0.11286317548148808,0.29449257496562425,0.0,0.1428571428571429,0.0,0.10276674531795166,0.06920183186706247,0.15424193320056478,0.0,1.0,0.002129653292443989,0.004832585433206761,0.0334353652593204,0.07544416687282862,0.029070345995790052,0.90543866221647,0.488,0.0014999999999999857,0.7909556313993175,0.19359923168352888,0.9293005885849649,0.029150263915738692
0.06131358141814203,0.9248467117536557,0.1483692677539603,0.3260534512032946,1.295222700560468e-06,0.01861282966463272,0.00482599972883579,3.6740471790995645e-05,9.166626055211234e-05,9.37643549191403e-05,0.11343030786091464,0.29542611996788853,0.0,0.1428571428571429,0.0,0.1032803929360592,0.06899720317304782,0.15593658987796588,0.0,1.0,0.002129653292443989,0.004832585433206761,0.03333649843310547,0.07627307220686483,0.02897185187093914,0.904598801171582,0.506,0.002500000000000001,0.7721843003412969,0.19359983456839322,0.9251017004556601,0.026549936298275702
0.06136030936255229,0.9256512535321544,0.14832423502580822,0.3194706962823044,1.295222700560468e-06,0.01904742874698147,0.004938684094512977,0.0005359786473018875,0.001202104378862524,0.0012360636730098162,0.11393804461952292,0.2963375934158099,0.0,0.1428571428571429,0.0,0.10276185070030815,0.06920676267896639,0.15422062973057254,0.0,1.0,0.002129653292443989,0.004832585433206761,0.033437747592482206,0.07543374673278165,0.029072719348196073,0.9054492200803759,0.5465,0.0060000000000000175,0.7491467576791808,0.19360049774174404,0.920749161366274,0.03612634716088228
0.06152421057260978,0.9283442291768026,0.1481641529305279,0.31184155610570774,1.295222700560468e-06,0.019339659164421857,0.005014454616361383,0.000650522471120759,0.0013575889220744802,0.0014017913569026534,0.11403959197124483,0.2964471337225555,0.0,0.4285714285714286,0.0,0.101086093083628,0.06994180585350762,0.14847693933733785,0.0,1.0,0.002129653292443989,0.004832585433206761,0.03379288540024563,0.07262434252277612,0.029426518381868688,0.9082957564198625,0.8125000000000001,0.12200000000000001,0.6868600682593856,0.19360116091509483,0.916234440537951,0.0518813212142103
0.06143350338640158,0.9270596043987199,0.14825414127599618,0.3057083829570037,1.295222700560468e-06,0.02038119834452687,0.0052845085281624776,0.0010525064565977892,0.0019563204466812104,0.002036291596664598,0.11252979360979756,0.294112453751919,0.0,0.4285714285714286,0.0,0.10184105783622686,0.06953501387143042,0.1512168404617494,0.0,1.0,0.002129653292443989,0.004832585433206761,0.03359634291439667,0.07396450698619973,0.029230716808369965,0.9069378788910833,0.8925000000000001,0.203,0.7064846416382253,0.19360188437693207,0.911567135096904,0.06979789400731
0.061016407398565016,0.9212515667138155,0.14866467936620445,0.3012910371838987,1.295222700560468e-06,0.020571023231066816,0.005333726987000747,0.002537253757793796,0.004585633692341498,0.004783678134399406,0.11121351001295224,0.292260078116952,0.0,0.7142857142857143,0.0,0.10541210548978391,0.06766447515557589,0.1636044646575433,0.0,1.0,0.002129653292443989,0.004832585433206761,0.0326925878128004,0.08002365035657046,0.028330368620619488,0.9007986513180297,0.9640000000000001,0.3175,0.7892491467576792,0.19360266812725574,0.9067364846288938,0.0887957054373795
0.06045127414146241,0.9134632672064643,0.1492206484928764,0.2974732726622478,1.9428340509882307e-06,0.021977226009004428,0.005698332333977944,0.002589122659145385,0.004668017293595484,0.004870581793248004,0.11116752630651244,0.2922020381036764,0.0,0.7142857142857143,0.0,0.11060643423717738,0.06513003783693734,0.1802156735813611,0.0,1.0,0.002129653292443989,0.004832585433206761,0.031468068567632464,0.08814867052458362,0.027110465483912195,0.8925662420816017,0.9715,0.33899999999999997,0.7790102389078498,0.19360351216606586,0.9017285296776104,0.10015476432523884
0.05991135041403318,0.9059191978425264,0.1497519421520678,0.2932812038847087,1.942834050693708e-06,0.022504239838749364,0.00583497831469679,0.0023859694621839287,0.004471921115960557,0.004651766692773305,0.11134762915673593,0.2923401896845733,0.0,0.7142857142857143,0.0,0.1160613153096281,0.0627086569912397,0.19630597830344623,0.0,1.0,0.002129653292443989,0.004832585433206761,0.030298172818531616,0.09601890146177736,0.025944979927372082,0.8845919896464818,0.951,0.29050000000000004,0.7627986348122867,0.1936044164933624,0.896532800650821,0.10634589225571894
0.0594045681866731,0.8984692118583719,0.15025077214935506,0.2887392752108501,1.9428340509882307e-06,0.023256046297290053,0.006029909311495159,0.0023449065819475404,0.004564747708924935,0.004735163685447376,0.11138403292433385,0.2922747924865148,0.0,0.7142857142857143,0.0,0.12184147011496113,0.060435904904361536,0.21219561808238577,0.0,1.0,0.002129653292443989,0.004832585433206761,0.029200087397593746,0.10379098140240312,0.024851033993357023,0.8767171854778282,0.9705,0.34,0.7636518771331058,0.19360538110914538,0.8911211847545677,0.10160835657491285
0.05900184398678113,0.8924926618185801,0.15064750739994134,0.28347151572390356,1.942834050693708e-06,0.024025336626963188,0.006229373587967166,0.0009768643087928552,0.00180199623588152,0.0018767629830856428,0.11259685318168941,0.29422117659368874,0.0,0.8571428571428572,0.0,0.12669054462780244,0.05862981894410884,0.22494265243319966,0.0,1.0,0.002129653292443989,0.004832585433206761,0.02832747279375532,0.11002592261936761,0.023981708912056986,0.8703998365233975,0.9965,0.4595,0.7807167235494881,0.1936064060134148,0.8856462666015743,0.09730921635463162
0.05869312541623215,0.8888646520364862,0.15095186386914722,0.2772483428876983,1.942834050693708e-06,0.02356076519410621,0.006108917888460362,0.0010654736819359321,0.001551364434882765,0.0016534660999314515,0.1125182976831874,0.29439774902844307,0.0,0.5714285714285714,0.0,0.12958991083821822,0.0572453174016452,0.23268062250113727,0.0,1.0,0.002129653292443989,0.004832585433206761,0.027658547675251274,0.11381078639116259,0.023315305461473822,0.8665649478918327,0.997,0.522,0.7713310580204777,0.1936073706291978,0.8802110941227975,0.09582520870760843
0.05838244348667434,0.8850771515934568,0.15125822522008592,0.2711183641723465,1.9428340509882307e-06,0.02271654398816934,0.00589002527385497,0.0018067667304222193,0.0032570530805652196,0.003398426416940247,0.1118611138786491,0.2931960755141453,0.0,0.8571428571428572,0.0,0.132707692150784,0.055852010837924536,0.2407587608802313,0.0,1.0,0.002129653292443989,0.004832585433206761,0.026985368390386857,0.11776203627015425,0.02264466388159417,0.8625614740140317,0.9965,0.51,0.7525597269624573,0.1936083955334672,0.8747929832017334,0.09557764214803191
0.05794759873339784,0.8785841095749172,0.15168642169170993,0.26611213155509866,1.295222700560468e-06,0.022816451823193716,0.005915929548010299,0.0020617888287352655,0.004138905713707816,0.004284365693318941,0.11163502732198578,0.2925748021326032,0.0,1.0,0.0,0.13836461748537218,0.05390187472990593,0.2546073907922274,0.0,1.0,0.002129653292443989,0.004832585433206761,0.026043155624892844,0.12453579956759749,0.021706003005003225,0.8556981813227983,0.9934999999999999,0.4505,0.7440273037542662,0.19360936014925018,0.8693452084360098,0.09422190226038285
0.05746806792908034,0.8713442001785003,0.15215857133978383,0.26144242554713354,1.9428340509882307e-06,0.022709050900545695,0.005888082440002129,0.002366518624177451,0.004603038678521263,0.004775161491781818,0.11136487304665053,0.2922478161423167,0.0,0.4285714285714286,0.0,0.14484754423534663,0.051751336338076145,0.2700489704926327,0.0,1.0,0.002129653292443989,0.004832585433206761,0.025004118033036878,0.13208872043369305,0.020670882305623743,0.8480454328724197,0.815,0.12999999999999998,0.651877133105802,0.19361038505351963,0.8639076124405124,0.0959532635567902
0.056965840694620774,0.8640524160418604,0.15265300601942605,0.2568060527567611,1.942834050693708e-06,0.023263539384918246,0.006031852145354092,0.002366518624177451,0.004448714467721574,0.004626583038952859,0.11136487304665053,0.2923565389840864,0.0,0.1428571428571429,0.0,0.15150427978829029,0.0494990119005145,0.2856011907952515,0.0,1.0,0.002129653292443989,0.004832585433206761,0.023915902278055096,0.1396957588013207,0.019586768831576614,0.8403378516449831,0.431,0.02200000000000004,0.6331058020477816,0.19361140995778903,0.858477674757852,0.09860803797517328
0.05656861389995352,0.8584064466447354,0.153044343511501,0.25141579369516065,1.9428340509882307e-06,0.023330977173558334,0.0060493376500838775,0.0012859165126809249,0.002333428480589499,0.002433413989620854,0.11232286693081758,0.29384677763481315,0.0,0.1428571428571429,0.0,0.1567448511344778,0.0477175799997816,0.2976431490102126,0.0,1.0,0.002129653292443989,0.004832585433206761,0.023055199340025704,0.1455858269960951,0.018729310512306797,0.8343699339282067,0.117,0.186,0.7389078498293515,0.19361243486205845,0.8530167160611689,0.09398088434587484
0.05626554980334999,0.853665868676356,0.1533431480005237,0.24568886913587115,1.942834050693708e-06,0.022696562421165377,0.005884844383578918,0.001579840287007909,0.0035831064883485877,0.00368212204244847,0.11206229259432421,0.29296636785596775,0.0,0.1428571428571429,0.0,0.16124309667840464,0.0463584369185384,0.307754050751738,0.0,1.0,0.002129653292443989,0.004832585433206761,0.022398526220639495,0.15053135991567093,0.018075112874097615,0.8293590354880455,0.022499999999999947,0.36200000000000004,0.7585324232081911,0.19361339947784142,0.8475931764626505,0.09348493181702172
0.05605853322945853,0.8497079226583063,0.153547723048105,0.23952361276523337,1.9428340509882307e-06,0.023268534776670367,0.00603314736792675,0.0008104515836223943,0.001971404768038555,0.002018847906582384,0.11274438423985113,0.29410182670723406,0.0,0.1428571428571429,0.0,0.1650887941288151,0.04543003547719157,0.31619572253810935,0.0,1.0,0.002129653292443989,0.004832585433206761,0.021949966919602416,0.15466042444255612,0.01762824452107362,0.8251753967713369,0.050499999999999996,0.2995,0.7013651877133106,0.19361442438211085,0.8420991609978996,0.095438668643754
0.055741961222874246,0.8447118374290749,0.1538598677117344,0.2338036326262756,1.942834050693708e-06,0.023850497915670538,0.006184040797802265,0.001837023589544389,0.003364963994884832,0.003506517574485862,0.11183429004989218,0.2931200512714034,0.0,0.1428571428571429,0.0,0.1699163173497761,0.04401031384969964,0.32685158078619403,0.0,1.0,0.002129653292443989,0.004832585433206761,0.02126402513565689,0.15987251126719637,0.016944888553304435,0.8198944213609427,0.01849999999999996,0.393,0.7141638225255973,0.19361544928638028,0.8366035944824476,0.09136992110436419
0.055176985034492365,0.8374129648186154,0.15441575972757052,0.2291329543994638,6.476113504272281e-07,0.023635696070374492,0.006128345953330268,0.0030364919333051798,0.00496854338831006,0.005229152640264151,0.11077091683846707,0.29199031467496744,0.0,0.1428571428571429,0.0,0.17694123618136348,0.04147658093276164,0.34241891968042043,0.0,1.0,0.002129653292443989,0.004832585433206761,0.020039846223797786,0.16748694457292204,0.015725324466940842,0.8121793474558953,0.01849999999999996,0.40800000000000003,0.6843003412969283,0.19361635361367685,0.8311475797598742,0.08899911500482002
0.0545578201374666,0.829850529863418,0.1550022647452497,0.22455033142246011,6.864680313147408e-05,0.022704055508793567,0.005887187134095772,0.002336261765055281,0.003672452084073003,0.0038807389777848057,0.11139169687540744,0.2929034230528391,0.0,0.1428571428571429,0.0,0.1842956330575399,0.03869982942912816,0.35854839529894234,0.0,1.0,0.002129653292443989,0.004832585433206761,0.018698252320392537,0.17537633512245993,0.014388788011993607,0.8041856821742388,0.015499999999999936,0.42650000000000005,0.6843003412969283,0.1935995934144475,0.8256737279542379,0.08569587551109593
0.054191221743337195,0.8255784355738282,0.15524886519838382,0.2186146575879944,0.00016255044892402536,0.02319360390040209,0.006015915178527642,0.0014869085054189486,0.002196509255971684,0.0023370747514383124,0.1121446800683628,0.29394323850194615,0.0,0.1428571428571429,0.0,0.18848201443747145,0.03705575586000579,0.367660095576987,0.0,1.0,0.002129653292443989,0.004832585433206761,0.017903914377584883,0.17983312986049085,0.013597444509749371,0.7996699816088823,0.02349999999999998,0.398,0.6612627986348123,0.1935109693393859,0.8202454382629474,0.0828085704768708
0.0539070058932184,0.8224163318436797,0.15546492976051074,0.21220815205502744,6.929441448160678e-05,0.022976304359229986,0.005957779522929648,0.0007953231540613094,0.001202104378862524,0.001275686717193837,0.1127577961542296,0.29464380598613227,0.0,0.1428571428571429,0.0,0.19159126255689737,0.0357811409828305,0.37440436185112025,0.0,1.0,0.002129653292443989,0.004832585433206761,0.01728808125525819,0.1831319445191406,0.01298393291278662,0.7963275662420815,0.06149999999999999,0.302,0.621160409556314,0.19346171364596734,0.8148224803084421,0.07557125733915449
0.05364155975522412,0.8193718323382617,0.15567351457155754,0.20579678542782842,7.318008258328873e-05,0.02242681126660502,0.005815362504839566,0.0007304870273715769,0.0010756281459519356,0.0011448944234971614,0.11281527578727955,0.2947329096684846,0.0,0.1428571428571429,0.0,0.19460818706554514,0.034590702108873016,0.3808977969463196,0.0,1.0,0.002129653292443989,0.004832585433206761,0.01671291796333663,0.18630807043207953,0.01241093783189857,0.7931094612083642,0.37,0.05199999999999998,0.546075085324232,0.19342101891762273,0.8094315127746475,0.06039417004274411
0.05326852154354573,0.815568221727461,0.15597540349401537,0.19959486251783837,0.00011527482035253557,0.023975382709451005,0.006217489771668182,0.0019299553711328585,0.002500516347923057,0.0027066958599320495,0.11175190257585403,0.2937290626783095,0.0,0.1428571428571429,0.0,0.19836883587417856,0.03291774807002737,0.38901029576088414,0.0,1.0,0.002129653292443989,0.004832585433206761,0.015904626354866964,0.19027612698856589,0.011605693265561734,0.789088958517812,0.6055,0.016500000000000067,0.7286689419795221,0.1933706780314483,0.8039583395536929,0.04885269937661081
0.05286171355691547,0.8118242187374138,0.15625184584063379,0.19346335603001363,0.00016902656242712223,0.02276649790568153,0.005905396647277664,0.0011022141537264368,0.0012670829939356888,0.0013984560357947976,0.11248572589112606,0.2945980279474927,0.0,0.1428571428571429,0.0,0.20206985312591547,0.031093347665559896,0.3969956609642085,0.0,1.0,0.002129653292443989,0.004832585433206761,0.01502316308499897,0.1941819988383222,0.010727552875324958,0.785131462434439,0.654,0.028000000000000056,0.7534129692832764,0.19327451789558217,0.7985522492755625,0.04928277792873308
0.05262249789527919,0.8097824160740807,0.15635548280405223,0.18659462987975736,0.00015542672407108977,0.022941336616969638,0.005950340241515444,0.0,0.0,0.0,0.11346287965297641,0.2954906997009711,0.0,0.1428571428571429,0.0,0.20408905123032672,0.030020543875596967,0.40135050255572924,0.0,1.0,0.002129653292443989,0.004832585433206761,0.01450483545565189,0.19631207714399418,0.01021117920183823,0.7829732307063549,0.599,0.01350000000000002,0.7508532423208191,0.19317190689166733,0.7931437354807115,0.05260207447868533
0.052506345576316595,0.8089578976875462,0.15636751209444905,0.17904896163554979,0.00014312210841532327,0.023790553214658637,0.006170157964178281,0.0014869085054194397,0.0014051625509678796,0.0016160951731248796,0.11214468006836237,0.2945007496153823,0.0,0.1428571428571429,0.0,0.20489479666495822,0.02949963881802797,0.4031090696431052,0.0,1.0,0.002129653292443989,0.004832585433206761,0.01425315897377257,0.19717224289817037,0.009960451472656714,0.7821016960697497,0.511,0.007000000000000033,0.7141638225255973,0.19309214522411192,0.7876289747128327,0.058410447268445694
0.05200050576128073,0.805221305374674,0.15675561093141718,0.1729057885215676,0.0001631980602744526,0.022978802055106048,0.005960258826690213,0.0028787240250269775,0.002834692082588064,0.0032286504543009467,0.1109107839455552,0.29349363276530377,0.0,0.1428571428571429,0.0,0.20858207891043423,0.02723111314135326,0.4110786290461131,0.0,1.0,0.002129653292443989,0.004832585433206761,0.01315711555268771,0.20107038367627914,0.008868539840704005,0.7781520332402423,0.5145,0.002500000000000001,0.7738907849829351,0.1930072590352094,0.7822169710539042,0.06713676385251942
0.05152482314062055,0.8011631541130866,0.1570530274253941,0.16689664271999044,0.00031344389354300597,0.023500820493098856,0.006101431375726247,0.0023103273143794865,0.002939121999670879,0.003190134861456491,0.11141468872862735,0.2934200609174895,0.0,0.1428571428571429,0.0,0.21266454609857205,0.025097832591187426,0.4197340227411108,0.0,1.0,0.002129653292443989,0.004832585433206761,0.012126416126898097,0.2053039857371812,0.007841725874745714,0.7738624753082212,0.5065,0.0014999999999999857,0.7858361774744027,0.1928746243650492,0.7768017683529044,0.08071873459632525
0.05094822386690628,0.7954749760764007,0.157405578167023,0.16143777278551114,0.0002428542563608387,0.024514885018567165,0.00636094275679984,0.003027847116413411,0.004000826156677735,0.004318467554666518,0.11077858078954023,0.292672080464712,0.0,0.1428571428571429,0.0,0.21847948273135326,0.022511973948407465,0.4318660052970046,0.0,1.0,0.002129653292443989,0.004832585433206761,0.010877052550185604,0.21123808742699163,0.006597072062946761,0.7678499421020365,0.505,0.0014999999999999857,0.7832764505119454,0.19270762525762025,0.7712802217382084,0.09500972055580086
0.050259398992247094,0.7880878197465547,0.15792769563674505,0.15695042725546074,0.000217597413699467,0.023121170720009878,0.005998885738268438,0.003148874552900617,0.004634367653645053,0.004933089000427909,0.11067128547451388,0.2922257445879732,0.0,0.1428571428571429,0.0,0.22612077972484107,0.019422820290572712,0.4476216393776085,0.0,1.0,0.002129653292443989,0.004832585433206761,0.00938452082431456,0.21894462132538775,0.005110166780559364,0.7600415503031129,0.5135,0.002500000000000001,0.7679180887372014,0.19258704828474738,0.7659256069552216,0.1008708374144807
0.04966363733460664,0.7809458601701877,0.15835172812323173,0.15215974944531435,0.00022536874990282982,0.023433382704454227,0.006080067688482595,0.0024140651170831565,0.00399270382979293,0.004197789366859318,0.1113227213157473,0.2926778027195424,0.0,0.1428571428571429,0.0,0.233587739368187,0.016751024640323655,0.462854307630353,0.0,1.0,0.002129653292443989,0.004832585433206761,0.008093636583924887,0.2263953575923155,0.0038241488268265194,0.7524923370342619,0.5065,0.002500000000000001,0.7679180887372014,0.1924612262135545,0.760433045600503,0.11116111544144787
0.049265860799416986,0.7754223280481242,0.15857943642157604,0.14670532393984725,0.00023119725205549943,0.023805539389915018,0.0061767119163719,0.001636031596805874,0.003253572083330533,0.0033700449483825483,0.11201247691234739,0.29319852790907147,0.0,0.1428571428571429,0.0,0.23940917247999138,0.01496712733363876,0.47463512653573947,0.0,1.0,0.002129653292443989,0.004832585433206761,0.007231742479314563,0.2321576950381308,0.0029655038313536933,0.7466538382943941,0.5085,0.003999999999999987,0.7491467576791808,0.19233389693020073,0.7549641377689764,0.11916524898618679
0.048938843722905606,0.7691319519401474,0.15872710367228018,0.14171075794875712,0.0002707015444236259,0.022891382699457452,0.005941527656257186,0.0016814168854886375,0.004746919897612672,0.004831982174756749,0.11197224116921245,0.2921464504853285,0.0,0.1428571428571429,0.0,0.24609092616185915,0.013500562993059136,0.4880515021695178,0.0,1.0,0.002129653292443989,0.004832585433206761,0.006523168530331902,0.23872003033269137,0.0022596010157270507,0.7400047680675702,0.529,0.0060000000000000175,0.7286689419795221,0.19219830812420513,0.7495854817001223,0.12218976081275447
0.04859470615583731,0.7607346880910417,0.1588318972982368,0.137437856118555,0.00029272033033374343,0.02317612002927419,0.006016310729278016,0.0015171653645411187,0.005258626491317408,0.005321323846915408,0.11211785623960588,0.2917859484310391,0.0,0.1428571428571429,0.0,0.25504962647767876,0.011957218867117717,0.5059615355541169,0.0,1.0,0.002129653292443989,0.004832585433206761,0.005777498250686817,0.2474803429100021,0.001516741712634857,0.7311286697091477,0.5345,0.004500000000000032,0.7542662116040956,0.19201605602970775,0.7440766343130416,0.12283525700458661
0.04830782013746655,0.7519801007207688,0.15891216967838453,0.13345703660751182,0.0002681110990225044,0.023093696065377717,0.005993813744141877,0.0011627278719702854,0.005216854524484282,0.005254056722722885,0.11243207823361265,0.29181537717016487,0.0,0.1428571428571429,0.0,0.26441755056543265,0.010670629161032839,0.52463368339745,0.0,1.0,0.002129653292443989,0.004832585433206761,0.005155879462110021,0.2566134275941442,0.000897466259828876,0.7218748722839042,0.5319999999999999,0.004500000000000032,0.7568259385665529,0.19185858250313576,0.738664145950769,0.12640695734506804
0.04808509669150455,0.7432474231786648,0.15891425167095327,0.12943191169475102,0.00034193879295592636,0.02307870989012588,0.005993690311884777,0.00088825493565027,0.004891961449116348,0.00491513771685661,0.11267540868019099,0.2920442673633643,0.0,0.1428571428571429,0.0,0.2737817527030132,0.009671787549629416,0.5432591010485431,0.0,1.0,0.002129653292443989,0.004832585433206761,0.004673286830190046,0.2657236551968935,0.00041669287243283683,0.7126442340440021,0.5265,0.005000000000000002,0.7440273037542662,0.1916892321447358,0.7332273254806222,0.12791962072695473
0.04791318497669103,0.7352864226728058,0.15881238825675995,0.1251369266078937,0.00037690980587223817,0.022986295142729696,0.005971873017991021,0.0007585826822703135,0.004886159787055018,0.00490309025027234,0.11279036794629138,0.29204835468824375,0.0,0.1428571428571429,0.0,0.28232817468551386,0.008900819888359354,0.5602386538406032,0.0,1.0,0.002129653292443989,0.004832585433206761,0.004300792023676348,0.274028842947649,4.560227123049822e-05,0.7042292759348818,0.5479999999999999,0.01100000000000002,0.6945392491467577,0.19147761955734385,0.7278343221927825,0.1264499540120775
0.0478011949788272,0.7282784996922957,0.1586767502964526,0.12030069340037013,0.0003367579021536845,0.023833014044542637,0.006188676374971425,0.0002420548729749034,0.0037942869873355822,0.0037965010250734688,0.11324828902292328,0.2928175892303896,0.0,0.1428571428571429,0.0,0.2898594202981282,0.008398581475855399,0.5751854432702338,0.0,1.0,0.002129653292443989,0.004832585433206761,0.004058134374481042,0.2813397476578212,0.00019342822109273187,0.6968217423881207,0.6525,0.17149999999999999,0.26535836177474403,0.1912856007280438,0.7223502916169201,0.11944347650854903
0.04781572383549251,0.7214800088928124,0.15841904588295222,0.11542946031437383,0.0003671956356175921,0.023580746761114723,0.00612511491516008,0.0003025685912192433,0.00453225840138677,0.004535155701806642,0.11373111794054339,0.29229768150583574,0.0,0.1428571428571429,0.0,0.297181998772197,0.008463738633157783,0.5896855470387491,0.0,1.0,0.002129653292443989,0.004832585433206761,0.004089615205547748,0.2884321655605631,0.00016206606429856128,0.6896355834071247,0.643,0.1735,0.2551194539249147,0.19109526997636392,0.7169048434272483,0.09925626275388579
0.04793815890328344,0.7135486510956525,0.15797789479090082,0.11110947531432183,0.0005349269753441543,0.023198599292149676,0.006038753142670963,0.0007520990696014873,0.004951138402129239,0.0049675628861163895,0.11412964339635659,0.2920025766496034,0.0,0.1428571428571429,0.0,0.30573801775392623,0.00901281975874943,0.6066018766295438,0.0,1.0,0.002129653292443989,0.004832585433206761,0.00435490501978022,0.2967064290247286,9.951127588209923e-05,0.6812519583134662,0.6285,0.14600000000000005,0.2918088737201365,0.19084434929581542,0.7115033093605523,0.08361925725404981
0.048127819383536705,0.7084223957108289,0.157464413734797,0.10552171693848288,0.00041252843013838867,0.023710626946638225,0.006161599469750666,0.0011497606466321423,0.0011835390602704925,0.001334844518974151,0.11448218514573001,0.29465688542574336,0.0,0.1428571428571429,0.0,0.3112829967151508,0.009863384812183573,0.6175353671962298,0.0,1.0,0.002129653292443989,0.004832585433206761,0.0047658574901916296,0.30205431380352576,0.0005089145659249075,0.6758333900960424,0.5505,0.052500000000000026,0.4829351535836177,0.19058848495937913,0.706060866331614,0.07589010273317276
0.04831881494791605,0.7088396490561052,0.15698902543161633,0.09759202224992262,0.0004066999279854245,0.023161133854022346,0.006019055584029095,0.0007088749851416659,0.00018681351833680062,0.00042396494111542684,0.11409132364098995,0.29535908783988124,0.0,0.1428571428571429,0.0,0.3108612073820581,0.010719937280072532,0.616645431917546,0.0,1.0,0.002129653292443989,0.004832585433206761,0.005179702793728121,0.30161902085641434,0.0009211997838893456,0.6762744363462978,0.5085,0.0005000000000000452,0.8156996587030717,0.1903634280395119,0.7006516739520812,0.07178170640576521
0.04851310895543025,0.7064711321903706,0.15647338527210794,0.0908471845583867,0.0004980131283774434,0.022843926477825873,0.005943952846570282,0.0007693887033855147,0.001818240889650075,0.0018645679728262227,0.11414497129850333,0.2942097320840286,0.0,0.1428571428571429,0.0,0.31344129233141593,0.011591282183673389,0.6216971031404062,0.0,1.0,0.002129653292443989,0.004832585433206761,0.005600695096749973,0.3040899385816775,0.0013406050590719332,0.6737708602956203,0.5165000000000001,0.002000000000000031,0.7832764505119454,0.19010943264615512,0.6952313333956338,0.06504477134021484
0.04874431411231045,0.7018478362433666,0.15579118570710562,0.08504595470154613,0.0007246771009805396,0.02404781588983867,0.006277172785120746,0.0009963151467998243,0.0028613797280638456,0.002910941011084453,0.11434615001417844,0.29347483107086303,0.0,0.1428571428571429,0.0,0.3184567126909297,0.01262816148690738,0.631557860911706,0.0,1.0,0.002129653292443989,0.004832585433206761,0.006101665727346745,0.30891311888909184,0.0018396871650288831,0.6688839316122879,0.5115000000000001,0.002500000000000001,0.7704778156996587,0.1897535497107208,0.6897912169427473,0.06402649370879027
0.04896020506892184,0.6967956876302909,0.1551597250721102,0.07943208530525932,0.0005303936958920457,0.023228571642657896,0.006046094599217771,0.0009833479214616816,0.003143340504187445,0.0031873600096676497,0.11433465408756828,0.29327618708176445,0.0,0.1428571428571429,0.0,0.3239330591065111,0.01359636162433617,0.6423332934752283,0.0,1.0,0.002129653292443989,0.004832585433206761,0.006569453860332693,0.3141836929514138,0.002305711862473072,0.6635436959335194,0.5075000000000001,0.0014999999999999857,0.7909556313993175,0.18942558034450652,0.6843528454218994,0.07774922725137844
0.04916384466531802,0.6915482837838272,0.15458193357888506,0.07398640976941039,0.000525860416439936,0.022489253663497525,0.005854755915898209,0.000912028182103123,0.003204838122024868,0.003242020103057871,0.11427142649121344,0.2932328614380517,0.0,0.1428571428571429,0.0,0.32961883359741584,0.014509618429120762,0.6535251745166519,0.0,1.0,0.002129653292443989,0.004832585433206761,0.007010695995229935,0.3196579639449708,0.00274529063310704,0.6579970710442067,0.503,0.0014999999999999857,0.7824232081911263,0.18913016676096792,0.678973123005688,0.09229842903815849
0.049370782704848994,0.6855807554379871,0.15394299319280966,0.06873003913180836,0.0006553826864989324,0.02276649790568607,0.0059392479331028935,0.0009876703299075652,0.0038836325830621087,0.003919655891200028,0.11433848606310486,0.2927546444272595,0.0,0.1428571428571429,0.0,0.3360815264390933,0.01543766766961725,0.6662529670236029,0.0,1.0,0.002129653292443989,0.004832585433206761,0.007459085129612568,0.3258834934225385,0.0031919894609591577,0.6516892582249164,0.5,0.002500000000000001,0.7696245733788395,0.18878947652411557,0.6735088683262651,0.10502198052143748
0.049573479888921024,0.6791634312079725,0.15315607711268653,0.06378838962364705,0.0009312651217250947,0.022274451818199214,0.00584999776187735,0.0009163505905490069,0.003974138511200899,0.004004463792771674,0.11427525846675002,0.29269088215915356,0.0,0.1428571428571429,0.0,0.3430285031872785,0.016346698064198386,0.6799401028888882,0.0,1.0,0.002129653292443989,0.004832585433206761,0.007898285264656803,0.332578265335757,0.003629533929530777,0.6449060009536133,0.511,0.0030000000000000465,0.7593856655290102,0.1883298371035241,0.6681289520287161,0.1204291114181277
0.04980115099958535,0.6712617161195117,0.15218872167661168,0.05951757111954464,0.0009396840692788855,0.02284642417369966,0.005997769297692434,0.0011367934212944905,0.005300398458149479,0.00533540713779387,0.11447068921912026,0.29175651969191413,0.0,0.1428571428571429,0.0,0.35157896355486334,0.017367728329169687,0.6967932092784169,0.0,1.0,0.002129653292443989,0.004832585433206761,0.008391598395804969,0.34082160451333215,0.0041209874027540545,0.6365537088754172,0.5225,0.004500000000000032,0.7457337883959044,0.18774829436335813,0.6627706535003143,0.1382184881718707
0.0500592934420668,0.661839845600152,0.15132446342810407,0.055723556515428686,0.0008257044716269101,0.02358574215286458,0.006170885497814805,0.001296722533796126,0.00628668100837489,0.0063250946655123135,0.11461247231397713,0.2910616744625577,0.0,0.1428571428571429,0.0,0.3617727081772745,0.018525412524050877,0.7168885663589346,0.0,1.0,0.002129653292443989,0.004832585433206761,0.008950936188865983,0.35065082177930257,0.004678216642659125,0.6265945780260199,0.5345,0.004500000000000032,0.7534129692832764,0.187270749262295,0.6572877862124777,0.1558714046948497
0.050348614025608564,0.6510028579437626,0.1504504892142761,0.05271523362766096,0.0008665039866953022,0.023358451828188218,0.006118132859884301,0.0013269793929178047,0.006518747490780559,0.006557545199435967,0.1146392961427336,0.29089818146741525,0.0,0.1428571428571429,0.0,0.3734970900642243,0.01982292045649453,0.7400021440911733,0.0,1.0,0.002129653292443989,0.004832585433206761,0.009577830143729607,0.36195633759640294,0.005302747375792757,0.6151396362645596,0.539,0.005000000000000002,0.7525597269624573,0.18680954234105623,0.6519275488706995,0.17187917639032005
0.05067131171230039,0.6388918782200198,0.14945406299307562,0.05021510341977971,0.0010659682825863328,0.0237530877765245,0.0062503523367870495,0.0014825860969730645,0.007254398240007214,0.007297916524077477,0.11477724726205346,0.2903799086728131,0.0,0.1428571428571429,0.0,0.3866010389710336,0.02127011375030854,0.7658329450604123,0.0,1.0,0.002129653292443989,0.004832585433206761,0.010277044926719455,0.37459092546977996,0.005999326306967051,0.6023380559907364,0.521,0.003999999999999987,0.7534129692832764,0.1862782199100918,0.646538714031619,0.17634896404877562
0.051007124637171275,0.6263807219288379,0.14824828085246952,0.04797608341637705,0.0013936596258360935,0.02272903246754739,0.006055810092387295,0.0015733566743390832,0.007681400567635543,0.007727685794915827,0.11485771874832376,0.2900790815617496,0.0,0.1428571428571429,0.0,0.40013997925412004,0.022776124586119943,0.7925172592467372,0.0,1.0,0.002129653292443989,0.004832585433206761,0.011004677540996603,0.38764299121212453,0.006724215941842063,0.5891134800081735,0.5185000000000001,0.003999999999999987,0.7517064846416383,0.18559328241568732,0.6412117273392463,0.18025203163964718
0.05132141914730539,0.6144508204908444,0.14671847897950901,0.04563581376453551,0.0020192521902218405,0.022998783622107746,0.0062958075958484796,0.0011973071395378482,0.00604301120184973,0.0060770877616439485,0.11452433687663323,0.2912333421074567,0.0,0.1428571428571429,0.0,0.4130496396752047,0.02418563238895365,0.8179618489212888,0.0,1.0,0.002129653292443989,0.004832585433206761,0.011685684491964068,0.4000886720304617,0.0074026556796272965,0.5765033035896735,0.5165000000000001,0.003999999999999987,0.7491467576791808,0.18463849365599327,0.6359889518658559,0.1844024602530725
0.051546734227159066,0.6054288043355681,0.14503969897163446,0.04213568702886445,0.0019026821471681546,0.022069640756402883,0.006030326964926666,0.0009682194919010877,0.005345651422220458,0.005370851510088624,0.11432124217319027,0.29172463855786007,0.0,0.1428571428571429,0.0,0.4228100684197729,0.025196096628416462,0.8372043799934309,0.0,1.0,0.002129653292443989,0.004832585433206761,0.012173892623479792,0.409500747561015,0.007889023397694745,0.5669668278727604,0.5245,0.0064999999999999876,0.7209897610921501,0.1834989206853716,0.6308315144032507,0.18722629102526672
0.05177393413166128,0.5942547919694036,0.14354683318905898,0.03937055774111885,0.001767331374956489,0.022978802055103775,0.00621462079063142,0.0010136047805833599,0.007299651204077137,0.007319887284397143,0.11436147791632476,0.2903480275387597,0.0,0.1428571428571429,0.0,0.4348855586321342,0.026215013688285962,0.8610367780357101,0.0,1.0,0.002129653292443989,0.004832585433206761,0.01266618475470138,0.42115785907130315,0.008379459719886805,0.5551556433485456,0.524,0.004500000000000032,0.7482935153583617,0.18250615017922261,0.6255396202329911,0.18892325393163314
0.051960531771860836,0.5817826222842285,0.14201695420526259,0.03735375918833609,0.0020581088712392443,0.02228444260169892,0.0061335926918533725,0.0007412930484867777,0.007670957575926208,0.007681253236501647,0.11412006345751516,0.2900864387465318,0.0,0.1428571428571429,0.0,0.44834648664103954,0.02705184290855915,0.887637939968196,0.0,1.0,0.002129653292443989,0.004832585433206761,0.013070500725590673,0.43416925265411027,0.0087822515282271,0.541972277092841,0.516,0.002000000000000031,0.7807167235494881,0.1814532720520965,0.6203794684316591,0.18995738412760102
0.05205799291305935,0.5687166318150035,0.14027702530453767,0.03578112575998001,0.0025185605412995494,0.021267880380347732,0.006062331938230592,0.0002334100560836269,0.007806716468133867,0.007807699839258358,0.11366980633195684,0.28999079534437316,0.0,0.1428571428571429,0.0,0.4624227729011771,0.0274889241637607,0.9155056275521216,0.0,1.0,0.002129653292443989,0.004832585433206761,0.013281677543719273,0.4478001403693704,0.008992632266505826,0.528161228799128,0.514,0.0010000000000000154,0.7986348122866894,0.18016774065581212,0.6153506712365792,0.1950990038602479
0.052074720731814586,0.5556087549095735,0.13825710695874402,0.03454613004815946,0.0029647647616531003,0.020188875762108583,0.006015921313457353,4.322408445883331e-06,0.00782064045707789,0.007820618394902668,0.11345904767743983,0.2899809857646649,0.0,0.1428571428571429,0.0,0.476523999068315,0.027563942944871023,0.9434626522682701,0.0,1.0,0.002129653292443989,0.004832585433206761,0.013317923041109592,0.46147472544611634,0.009028741128112095,0.514305905592262,0.5055,0.002000000000000031,0.781569965870307,0.17860132520122038,0.6105449345204559,0.1973342787656465
0.052062233768518415,0.5429848274439928,0.13599112793566734,0.033282523324571704,0.0033883025847464003,0.0202438250713729,0.006247514457649721,7.996455625081767e-05,0.007021171425190336,0.007021282566504364,0.11339198810554799,0.2905442191329307,0.0,0.1428571428571429,0.0,0.49009866123618195,0.02750794300967594,0.9703874895028874,0.0,1.0,0.002129653292443989,0.004832585433206761,0.013290866543057642,0.4746444379309232,0.009001786625786266,0.5009621279204411,0.517,0.003999999999999987,0.7465870307167235,0.17682010186945554,0.6058648329111244,0.20317499150904972
0.05204330698767331,0.5319738499756734,0.1335181834290973,0.03162572352179323,0.00359812866224221,0.018692755932653123,0.0060363278262117424,8.860937314258517e-05,0.006356300953097119,0.006356460771023477,0.11338432415447484,0.29101262656401455,0.0,0.1428571428571429,0.14285714285714288,0.49825319453562567,0.018618041347675363,0.9873478004510837,0.0,1.0,0.002129653292443989,0.004832585433206761,0.013249856379343708,0.4861314658649657,0.008960931059367926,0.4893232749812681,0.5275000000000001,0.005000000000000002,0.7440273037542662,0.1748721205842075,0.6013955772564783,0.2113818616454366
0.052018961335963725,0.5200613475188729,0.13086934910589215,0.030547949486286367,0.003799535792183934,0.018757696025417152,0.00617176608346937,0.00013399466182534886,0.007803235470898124,0.007803544728421895,0.11334408841133989,0.28999324773930013,0.0,0.1428571428571429,0.14285714285714288,0.4854252890484952,0.018508859084087573,0.9619403200468404,0.0,1.0,0.002129653292443989,0.004832585433206761,0.013197104716475184,0.4985589954716087,0.008908378256091214,0.47673148968053936,0.535,0.0064999999999999876,0.7329351535836177,0.17278246135583383,0.5970592272587855,0.2206755481018283
0.05198047949939063,0.5049683757406649,0.1283247686327925,0.030642393602799904,0.0035547387017724023,0.019786746726144114,0.006241548920745352,0.00019666958429213942,0.009622636692959409,0.009623188431278393,0.11328852476605822,0.2887114626573825,0.0,0.1428571428571429,0.14285714285714288,0.46917163190922323,0.018336280667448746,0.9297494024720274,0.0,1.0,0.002129653292443989,0.004832585433206761,0.013113723055811969,0.5143044993492453,0.008825310921879614,0.4607778761664736,0.5465,0.003999999999999987,0.7832764505119454,0.17076346023356365,0.5925841551640101,0.23646326870922935
0.05193956309764653,0.48878249018085274,0.12584442148597827,0.03128475248349824,0.003570281374179423,0.018428000169842626,0.0059646392333677365,0.0001858635631774297,0.009866306499485623,0.009866782852471176,0.11329810470489966,0.2885397950124827,0.0,0.1428571428571429,0.14285714285714288,0.451741566876579,0.01815278402445116,0.8952274729549016,0.0,1.0,0.002129653292443989,0.004832585433206761,0.013025066228861956,0.5311901682281188,0.00873698830734036,0.44366902799536817,0.5385,0.0030000000000000465,0.7849829351535836,0.1687928104774155,0.5881626912590926,0.24916726780351847
0.051898254024100685,0.47189355689950147,0.12317391901789175,0.03255238697087854,0.004061818389053769,0.018040857309132265,0.006195095818841732,0.0002074756054073407,0.010931491653729279,0.010932027860004656,0.11327894482721633,0.28778936216477763,0.0,0.1428571428571429,0.14285714285714288,0.43355527319835163,0.017967526377202128,0.8592060540338465,0.0,1.0,0.002129653292443989,0.004832585433206761,0.012935558568639807,0.5488092805128589,0.0086478180669418,0.42581704243580126,0.536,0.0035000000000000166,0.7773037542662115,0.1666731878712829,0.5839661297058394,0.2528592031855586
0.05184634281190714,0.4530697924688185,0.12017831726574847,0.03501585063940749,0.00452809856126645,0.01661467296419069,0.006249941401134991,0.0002679893236511893,0.011115984507242604,0.011116883790597807,0.11322529716970295,0.28765938523363876,0.0,0.1428571428571429,0.14285714285714288,0.4132852788880384,0.01773472161516485,0.8190579468127946,0.0,1.0,0.002129653292443989,0.004832585433206761,0.012823078410071723,0.5684468747647066,0.008535761928342078,0.4059198964648182,0.529,0.004500000000000032,0.7525597269624573,0.1642912500606653,0.5800220985948645,0.2415452694314804
0.05179490280587565,0.4379626437429718,0.11700119660595114,0.036401818049242786,0.004681582451286846,0.015168507052245145,0.006114348461731229,0.0002269264434143098,0.008029500291243519,0.008030401556014224,0.1132617009373013,0.2898338420690363,0.0,0.1428571428571429,0.14285714285714288,0.39701625230567944,0.017504030058229314,0.7868367920547679,0.0,1.0,0.002129653292443989,0.004832585433206761,0.012711619251430098,0.5842071685185384,0.008424722940773545,0.3899512975955315,0.5225,0.007500000000000003,0.712457337883959,0.16176775488389492,0.5764442123900256,0.23317726683103002
0.0517384366007816,0.4255381601543997,0.11359960630291634,0.036899316321818275,0.005012511851287862,0.014256848057665914,0.006228151294465674,0.00024853848564422023,0.00633425463726829,0.0063356418428944855,0.11324254105961797,0.29102815839855334,0.0,0.1428571428571429,0.14285714285714288,0.38363386822055967,0.01725079764687561,0.7603373370112746,0.0,1.0,0.002129653292443989,0.004832585433206761,0.012589269426905957,0.5971688143359613,0.008302834342205924,0.3768183366255704,0.5245,0.0060000000000000175,0.7295221843003413,0.15906490145997612,0.5730533247353424,0.22481012654655233
0.051668069813904996,0.41495184670853164,0.11011620140301627,0.03710667671292794,0.005073387318215383,0.012585889516920074,0.006032285724786696,0.00043440204882165046,0.007231191591767175,0.007234931004894246,0.11307776611154122,0.290396257972327,0.0,0.1428571428571429,0.14285714285714288,0.37222719885947625,0.016935225685021787,0.7377584076549556,0.0,1.0,0.002129653292443989,0.004832585433206761,0.012436800104550427,0.6082128182512447,0.00815093978821902,0.3656283631905184,0.5305,0.005000000000000002,0.7457337883959044,0.15628741088984904,0.570012974539115,0.21087418126299484
0.05153534674490782,0.40172024371461784,0.10648697991247304,0.038795837514452994,0.0053188320199773435,0.011421963238912933,0.006087742684147441,0.0007131973935880411,0.008182664169631999,0.008191594975631617,0.11283060368942587,0.2897259366922417,0.0,0.1428571428571429,0.14285714285714288,0.35796146436827964,0.016340006248043,0.7095374947943939,0.0,1.0,0.002129653292443989,0.004832585433206761,0.012149218458589617,0.62201647861115,0.007864442247774966,0.3516422587017231,0.53,0.0030000000000000465,0.773037542662116,0.15334804573364008,0.567211001447518,0.2041716094521261
0.0513686182978777,0.3883649146322208,0.102812571472106,0.04090360797358338,0.005361574369097018,0.0108175208370282,0.006050901254898751,0.0007823559287231662,0.00789374139903586,0.007904886406353284,0.11276929208083976,0.2899294854711949,0.0,0.1428571428571429,0.14285714285714288,0.34355584871851724,0.01559228384289163,0.68105269378942,0.0,1.0,0.002129653292443989,0.004832585433206761,0.011787954651267326,0.6359492142542137,0.007504540307915417,0.3375253729309991,0.5285,0.002500000000000001,0.7849829351535836,0.15034724660975235,0.56466398231492,0.19201344928136443
0.05119364374301047,0.37480691963926105,0.09918065110230714,0.04282832351276542,0.00537517420745305,0.012478488594272058,0.006273813534788464,0.0007823559287236578,0.008022538296770979,0.008033503893020317,0.11276929208083931,0.28983874685889083,0.0,0.1428571428571429,0.14285714285714288,0.32893053623742946,0.014807580348460442,0.6521356385062284,0.0,1.0,0.002129653292443989,0.004832585433206761,0.011408823345231422,0.6500933779001601,0.007126838225010452,0.3231942646958653,0.534,0.005000000000000002,0.7491467576791808,0.14737333615081527,0.5619282197001276,0.1873630035228603
0.05102605141801644,0.3614664119112134,0.09563208754609108,0.04469040038055425,0.005094758492775367,0.0109174286720503,0.005828333856471778,0.0007153585978104917,0.007696484888991832,0.007706039784578528,0.11282868770165802,0.2900684545170654,0.0,0.1428571428571429,0.14285714285714288,0.3145407670611858,0.014055983733955885,0.6236824491018867,0.0,1.0,0.002129653292443989,0.004832585433206761,0.011045687704710537,0.664010651399929,0.006765071508260404,0.3090930454328722,0.537,0.005000000000000002,0.7534129692832764,0.14447026466344104,0.5592141717951513,0.18395328833268096
0.05091790960380993,0.3541578732000913,0.0918632954426108,0.04431970722323883,0.005520239149919361,0.009858405620812844,0.006083321170388949,0.00042791843615233333,0.004061163442102893,0.004067645121590873,0.11308351407484651,0.2926295722859752,0.0,0.1428571428571429,0.14285714285714288,0.3066542625176006,0.013571003163115807,0.6080944939463783,0.0,1.0,0.002129653292443989,0.004832585433206761,0.010811368221581526,0.6716351687121513,0.00653163534660867,0.30136775424017415,0.5455,0.008000000000000049,0.7209897610921501,0.1414406476430367,0.5567565319592058,0.17967847221426655
0.05087157433120141,0.34491289232286065,0.0878999527002133,0.04543303669084467,0.005694446603148726,0.008032589935785135,0.006063368151986236,4.538528868325472e-05,0.0064201192357580174,0.006420147082862004,0.11342264390984104,0.2909676659903509,0.0,0.1428571428571429,0.14285714285714288,0.2966956996651005,0.01336320466144861,0.5883764144473265,0.0,1.0,0.002129653292443989,0.004832585433206761,0.010710969895476862,0.6812798486592302,0.006431615495211019,0.2915955997547851,0.5495,0.008000000000000049,0.7261092150170648,0.1383063698101787,0.5547520897499978,0.17564226376793257
0.050908171343126085,0.33307063019754257,0.08382264014238978,0.047557751535584884,0.00571452255500815,0.009708543868283102,0.006244388604314865,0.0003068909996651272,0.006945749818408888,0.006947683943339082,0.11373494991607995,0.29059735435635176,0.0,0.1428571428571429,0.14285714285714288,0.28395920173764305,0.013527330257680666,0.5631187455417332,0.0,1.0,0.002129653292443989,0.004832585433206761,0.010790267556434122,0.693634101151997,0.0065106142252979796,0.2790780600776511,0.5539999999999999,0.007000000000000033,0.7448805460750852,0.1351466502360445,0.5526721307597783,0.1499604641529123
0.051020082806629556,0.32115587231725423,0.07975727976412722,0.04948760594581256,0.005596009677904065,0.00948874663123266,0.006112959710909773,0.000691585351357639,0.007213786605586355,0.007223315487822345,0.1140759957388432,0.29040851994696293,0.0,0.1428571428571429,0.14285714285714288,0.27116345315117274,0.014029216469334355,0.5377064546765242,0.0,1.0,0.002129653292443989,0.004832585433206761,0.011032755038975012,0.706063983693489,0.006752187595199024,0.26648389074313733,0.566,0.007000000000000033,0.764505119453925,0.13205409203580049,0.5504343523607186,0.13390716273585357
0.05121893180704427,0.30975051794189373,0.0755688504918052,0.051483432349193094,0.0057462555111723245,0.00837976966248756,0.006143307815650378,0.0009185117947719486,0.005072973305392875,0.0050968713557410185,0.11427717445451831,0.29191674282715313,0.0,0.1428571428571429,0.14285714285714288,0.2589419427771752,0.014920989022251618,0.5133806407808891,0.0,1.0,0.002129653292443989,0.004832585433206761,0.011463617007952922,0.7179624390926007,0.007181425330349483,0.25442817246781546,0.5710000000000001,0.00850000000000002,0.7525597269624573,0.1289320527656891,0.5483958839767544,0.12308419012966403
0.05143199552668291,0.30743097598618363,0.07123938550066448,0.050067881708744044,0.0057728075765345515,0.006306682085774981,0.005999936998659093,0.0009530910623400028,0.0004826982834044237,0.0007034475356143034,0.1143078302588118,0.2951506342710743,0.0,0.1428571428571429,0.14285714285714288,0.25650281704815303,0.01587650992907025,0.5084334252818583,0.0,1.0,0.002129653292443989,0.004832585433206761,0.011925279141379969,0.7203822645182802,0.00764134712160674,0.25197636400790113,0.5685,0.00850000000000002,0.7491467576791808,0.1257106580699305,0.5467099888052916,0.10575643626339791
0.05162676074035915,0.30491102354339894,0.06685956713369612,0.04945538383547281,0.00592434863250396,0.004383456261598961,0.006032384867983047,0.0006721345133511613,0.0019725651004508207,0.0020052960910139548,0.11405875184892861,0.2941010092422582,0.0,0.1428571428571429,0.14285714285714288,0.25384763526726406,0.01674996803777282,0.5030587659655761,0.0,1.0,0.002129653292443989,0.004832585433206761,0.012347292444328339,0.7230111650119933,0.008061769547820487,0.2493127171173623,0.5625,0.00850000000000002,0.7363481228668941,0.12243584777518901,0.5455243074849442,0.0919735828271437
0.051773305856778515,0.30017237879515274,0.06244913576488472,0.04992107666292813,0.006010480942093148,0.005420000049954115,0.0061725839318723845,0.0007693887033855147,0.0028613797280638456,0.0028910343770541624,0.11414497129850333,0.29347483107086303,0.0,0.1428571428571429,0.14285714285714288,0.24879756990290813,0.01740717482440144,0.49295198747630864,0.0,1.0,0.002129653292443989,0.004832585433206761,0.012664823421466092,0.7279546811302691,0.008378103518511945,0.24430386213473196,0.5335,0.0060000000000000175,0.7363481228668941,0.11910008582066042,0.5444236431311527,0.08379051942959172
0.05200718118191074,0.29491788647486966,0.05796221044688351,0.0501807979833402,0.006012423776144135,0.006334156740407138,0.006232698012169114,0.0011324710128481153,0.003378887983828856,0.003433146911669907,0.11446685724358326,0.29311024169169503,0.0,0.1428571428571429,0.14285714285714288,0.24322574064760139,0.018456028956545044,0.48174498784327807,0.0,1.0,0.002129653292443989,0.004832585433206761,0.013171579718312966,0.7334363470619237,0.008882949480312125,0.2387497445678087,0.523,0.004500000000000032,0.7474402730375427,0.11577155848450423,0.5430240137547176,0.0959205419971971
0.05231849138635138,0.2880552772076568,0.05351831297530156,0.05111468362957062,0.005632275913520349,0.0058595945240504516,0.00583359149984923,0.0015906463081231104,0.004461478124252276,0.004542465494556305,0.1148730466504705,0.2923475468693547,0.0,0.1428571428571429,0.14285714285714288,0.23596393911150398,0.019852153127068062,0.46710812954159076,0.0,1.0,0.002129653292443989,0.004832585433206761,0.013846120336412731,0.7405956555410941,0.009554947261566726,0.2314958109120632,0.5235,0.0060000000000000175,0.7261092150170648,0.11253611657140584,0.5416111035066543,0.10562472156615627
0.05272459256373845,0.2790016851235488,0.049126388207100566,0.05308523234294317,0.0056542946994307605,0.005852101436424534,0.005854349378022818,0.0018024443219758436,0.005364216740811434,0.00545079146864336,0.11506081345176672,0.2917115591182497,0.0,0.1428571428571429,0.14285714285714288,0.22640746776398574,0.021673383723882913,0.44779825201592677,0.0,1.0,0.002129653292443989,0.004832585433206761,0.014726052106390932,0.7500406721595368,0.010431561925256704,0.2219259587221578,0.513,0.007000000000000033,0.7107508532423208,0.10941407730129442,0.5402625618626878,0.11070849273390315
0.053069279871329395,0.2711914757880288,0.04535906120950197,0.054788837538758406,0.004442613863027395,0.004630728153279287,0.004602002591855898,0.001316173371803095,0.0038604259348210134,0.003924556494520446,0.11462971620389216,0.2927709937267741,0.0,0.1428571428571429,0.14285714285714288,0.21818658094871304,0.02321919325577633,0.4311403128998697,0.0,1.0,0.002129653292443989,0.004832585433206761,0.01547291355261695,0.7581885494089424,0.011175607904551965,0.21367039030038826,0.523,0.00850000000000002,0.7039249146757679,0.10673322917492499,0.5391017942942273,0.11837594434453974
0.053333626528278694,0.26546334453526993,0.04237618274527839,0.05592438915142647,0.0032814467119476557,0.0034568110917678903,0.003401651740329918,0.0012405312239981612,0.0034334236071947946,0.003497416847998383,0.11456265663200031,0.2930718208378361,0.0,0.1428571428571429,0.14285714285714288,0.21217950609771108,0.024404701317829885,0.4189231164640088,0.0,1.0,0.002129653292443989,0.004832585433206761,0.016045694511376704,0.76416433165894,0.011746229633033997,0.20761562563858038,0.514,0.009500000000000034,0.689419795221843,0.10460402069944892,0.5381709699922099,0.12821949158511498
0.05365145508462869,0.2589686914999531,0.04004674150427509,0.05772799400002073,0.002374143210183666,0.0025151797466849814,0.0024620820517129664,0.0015560670405550564,0.004077408095871448,0.004162104804312082,0.114842390846177,0.29261812777631513,0.0,0.1428571428571429,0.14285714285714288,0.2053981460893248,0.025830058158926392,0.4050710505084656,0.0,1.0,0.002129653292443989,0.004832585433206761,0.016734358961792865,0.7709397756241327,0.01243229800355296,0.20075063006607163,0.5215,0.008999999999999989,0.6945392491467577,0.1030267533172986,0.5374758084560958,0.1354076220577228
0.05407404847769003,0.25067485492793906,0.03834544513232454,0.06066659490765651,0.0014092022982431143,0.001491124437705602,0.0014612765019252857,0.002167687835661878,0.005491853306135343,0.005613798518352896,0.11538461538461538,0.2916216379709208,0.0,0.1428571428571429,0.14285714285714288,0.19678471208815315,0.027725250934300727,0.3873816111195865,0.0,1.0,0.002129653292443989,0.004832585433206761,0.01765002572919817,0.7795921893319278,0.013344512953333658,0.19198385668551174,0.5435,0.013000000000000051,0.6766211604095563,0.10202102078656586,0.53703152937089,0.14453396562902027
0.054633684329567916,0.2401584596101982,0.03721538583254949,0.06491310794059735,0.00039633814638094023,0.00041711521121857986,0.0004108291248565303,0.002863595595465892,0.006869167879214121,0.007039098419309543,0.11600156344601917,0.2906513070447494,0.0,0.1428571428571429,0.14285714285714288,0.18595010408908902,0.030235034193419552,0.364951806053209,0.0,1.0,0.002129653292443989,0.004832585433206761,0.01886263330855713,0.7905632522668845,0.014552549328010759,0.1808677882977997,0.5455,0.01600000000000002,0.6527303754266212,0.10156710877218578,0.5368314438304438,0.15134786232198805
0.05528284935224865,0.22878596997709139,0.03648591732515464,0.06977059107433635,6.022785557738899e-05,5.9944701014168705e-05,6.22010360720946e-05,0.0031272625106707063,0.006939948156347559,0.007140142340380294,0.11623531395375562,0.29060144168123114,0.0,0.1428571428571429,0.14285714285714288,0.1743793828067827,0.03314632642186119,0.34069608744593405,0.0,1.0,0.002129653292443989,0.004832585433206761,0.02026923087394874,0.8024274220439067,0.015953844398608627,0.1688468088004905,0.5605,0.016500000000000067,0.6638225255972695,0.10149512431938072,0.5368002289350835,0.15189408708794508
0.05598180515939336,0.2175323733821362,0.035764699677198614,0.07460557428620034,4.338996046980785e-05,4.2460829883995294e-05,4.476488818238804e-05,0.0030559427713121486,0.006302925662143446,0.006512953112363985,0.11617208635740078,0.29105022995289764,0.0,0.1428571428571429,0.14285714285714288,0.1631308792164227,0.03628091398938253,0.31669394885243,0.0,1.0,0.002129653292443989,0.004832585433206761,0.021783714098239287,0.8141675585410191,0.017462618428166054,0.1569515019412845,0.563,0.021000000000000026,0.6331058020477816,0.101467813635025,0.5367890807581691,0.14945163962411767
0.0564607862231884,0.21001053604972217,0.035255768160411524,0.07782986864628938,8.095141878694606e-05,8.49216597702626e-05,8.389254122630289e-05,0.001815411547313987,0.0037501943556789803,0.0038747737053877415,0.11507230937837688,0.2928486528994663,0.0,0.1428571428571429,0.14285714285714288,0.15573191526914912,0.0384289869752603,0.300651061531293,0.0,1.0,0.002129653292443989,0.004832585433206761,0.022821560523514355,0.8220145962632707,0.018496552451342494,0.1490007492677608,0.56,0.02400000000000007,0.613481228668942,0.10143760910332028,0.5367764784712225,0.14233706951259345
0.05684788208537,0.20345788641042897,0.03477798942131866,0.08060652567178583,0.00017550267592992457,0.0001873271906661557,0.0001820997356592964,0.0017829934839693664,0.004116859397880042,0.004226677525547572,0.11504356956185212,0.2925903339671412,0.0,0.1428571428571429,0.14285714285714288,0.14933467721732913,0.04016498496630668,0.28667529800805674,0.0,1.0,0.002129653292443989,0.004832585433206761,0.023660311963124268,0.8288505442674439,0.01933214202344234,0.14207444996934804,0.5265,0.01900000000000007,0.6245733788395904,0.10136122359100531,0.5367430339404793,0.1327195584796341
0.05723112976389434,0.19637650106488197,0.03423674846429917,0.08357762646657473,0.00026875871037263763,0.0002847373298121938,0.0002787144873751602,0.0018024443219763352,0.004487005437317901,0.00459016053138105,0.11506081345176716,0.2923295626398883,0.0,0.1428571428571429,0.14285714285714288,0.14246933539841528,0.04188372511568911,0.2715718249926811,0.0,1.0,0.002129653292443989,0.004832585433206761,0.024490725236667826,0.8362380874269916,0.020159424862120967,0.13458926503644156,0.48100000000000004,0.01600000000000002,0.6416382252559727,0.1012322665185178,0.5366862267085503,0.1145808223391904
0.057614770114220365,0.18880794424593134,0.03362178954818137,0.08672275443488033,0.0003646051902164717,0.00038464516483656657,0.00037799924947396434,0.0017484142164013122,0.004615802335053021,0.004710273718485964,0.11501291375755862,0.2922388240275843,0.0,0.1428571428571429,0.14285714285714288,0.13520862784473187,0.043604226269323,0.2554292924086803,0.0,1.0,0.002129653292443989,0.004832585433206761,0.025321989343483457,0.8441338645139775,0.02098755532665893,0.12658912880593962,0.48550000000000004,0.01900000000000007,0.6203071672354948,0.10104597509542913,0.5366043118433966,0.09639173711925618
0.057998096327105064,0.18085274340046956,0.03292470759185483,0.08999413196481958,0.0004973655170270162,0.0005245161338643285,0.0005156238869625426,0.0017570590332935713,0.004864113471227245,0.004954731969168742,0.11502057770863221,0.2920638865227817,0.0,0.1428571428571429,0.14285714285714288,0.1276859839727458,0.045323318619555776,0.23846210937338902,0.0,1.0,0.002129653292443989,0.004832585433206761,0.026152572783681462,0.8524330018608353,0.021815007690509466,0.11818030106940926,0.5545,0.020500000000000053,0.6305460750853242,0.10079523528033998,0.5364941872436162,0.08284817837967015
0.057989143410024827,0.17725792056398448,0.03251987570350142,0.09134051617876321,0.0006301258438375612,0.0006643871028989053,0.0006532485268885768,0.0019256329626869747,0.0003318550698404755,0.0010858082845473008,0.1117557345513906,0.2952569047179171,0.0,0.1428571428571429,0.14285714285714288,0.124048218758936,0.045283167722623474,0.2307949218025205,0.0,1.0,0.002129653292443989,0.004832585433206761,0.026133173785078206,0.8561832438769912,0.021795681820917366,0.11438049179211199,0.59,0.02850000000000003,0.613481228668942,0.10047184783909491,0.5363523630451312,0.07151585296960612
0.057636838269479726,0.177050743806446,0.03235578384475554,0.09117926673865696,0.0007726003409024561,0.0008142488554309219,0.0008009266069451785,0.0006721345133511613,0.00034345839395996723,0.000498181317777217,0.11286700745702423,0.29524873006816055,0.0,0.1428571428571429,0.14285714285714288,0.12329069209543021,0.04370319470825258,0.23035304660237158,0.0,1.0,0.002129653292443989,0.004832585433206761,0.025369806173373984,0.8563993777495722,0.02103519189995169,0.1141615012601322,0.586,0.029000000000000074,0.6075085324232081,0.10007309978980419,0.5361774820785786,0.056792999623282034
0.057567492429287756,0.1752660594207426,0.031820249089590934,0.09165204287485114,0.0009008273882608923,0.0009491244327088277,0.000933836885029148,9.293178158846906e-05,0.0014492551826244817,0.0014501096425862388,0.11338049217893825,0.29446968594630557,0.0,0.1428571428571429,0.14285714285714288,0.12138190582434889,0.0433922013574525,0.22654659756095855,0.0,1.0,0.002129653292443989,0.004832585433206761,0.025219549017525846,0.8582612214824297,0.02088550117319902,0.11227504938355679,0.587,0.036500000000000005,0.5691126279863481,0.09960116151797968,0.5359705137506462,0.04176101426584959
0.057677047861980635,0.17241520413193562,0.031015905960559684,0.09253870646282479,0.0010135117632126013,0.001066516138861103,0.0010505593066701302,0.0007456154569326618,0.00139820055649534,0.0014543742711436726,0.11412389543305172,0.29450565440523685,0.0,0.1428571428571429,0.14285714285714288,0.11868445667019768,0.04388352154359769,0.22046617490011394,0.0,1.0,0.002129653292443989,0.004832585433206761,0.025456931500434325,0.8612353311318827,0.021121988787944232,0.10926163067910886,0.6154999999999999,0.029000000000000074,0.6450511945392492,0.09905639475453995,0.5357316519426717,0.03582376215863012
0.057705006094266396,0.17026739656466758,0.03019937931945985,0.09307689903854502,0.001141091199220904,0.0012013917161412808,0.0011828448347800697,7.780335202738387e-05,0.0014388121909172556,0.0014394143064605338,0.11339390409331672,0.2944770431310863,0.0,0.1428571428571429,0.14285714285714288,0.11657629455757651,0.04400890504629854,0.2158852416431981,0.0,1.0,0.002129653292443989,0.004832585433206761,0.02551751082940593,0.8634759973754692,0.021182339749126523,0.10699134936312216,0.6114999999999999,0.023500000000000024,0.6774744027303755,0.09843946267283576,0.5354610905359928,0.04361252619632459
0.05777843572119677,0.16788921359827036,0.02925307514157936,0.093672591414613,0.001293279866540151,0.001361244252177552,0.001340576393120697,0.00048410974595029804,0.0014248882019721769,0.001448395627537415,0.11389206091308313,0.29448685271079533,0.0,0.1428571428571429,0.14285714285714288,0.11432252054040107,0.0443382128413134,0.21081295415905585,0.0,1.0,0.002129653292443989,0.004832585433206761,0.025676616651283634,0.865956999107229,0.021340845784815966,0.10447755602479392,0.6085,0.02200000000000004,0.6851535836177475,0.09775597210210582,0.5351613499879987,0.04760703161607481
0.05793479763266028,0.1648772566317505,0.02813604757306752,0.09449772743844623,0.0013936596258360935,0.0014661474789517807,0.0014445758386133854,0.0010806021114965262,0.002578258619529035,0.0026427202494451393,0.11442087353714346,0.29367429252493676,0.0,0.1428571428571429,0.14285714285714288,0.1115987724262408,0.045039444734227434,0.20438892714350707,0.0,1.0,0.002129653292443989,0.004832585433206761,0.026015418460223233,0.8690991755316286,0.021678370401989992,0.10129384919283425,0.6055,0.025500000000000057,0.6535836177474402,0.09700266746408237,0.5348310731293262,0.04446774082932107
0.0581993013583303,0.1603499772846633,0.026830869565016235,0.09593577800077081,0.001500515498634839,0.001576046097473593,0.0015551641201851224,0.0012815941042345496,0.002751148148921812,0.0028358808469326107,0.11459906039959823,0.29355249024355523,0.0,0.1428571428571429,0.14285714285714288,0.10762168078681308,0.04622565719798154,0.1947329575676108,0.0,1.0,0.002129653292443989,0.004832585433206761,0.026588539752291845,0.8738221880411748,0.022249331180815755,0.09650841223349896,0.606,0.026500000000000072,0.6484641638225256,0.09618527616497702,0.5344726834766957,0.04727728467930559
0.05835935438473047,0.1578635339908429,0.025527310884518355,0.09644452623428383,0.0016980369604751764,0.0017833548551459868,0.0017598687180386365,0.0005403010557482631,0.0010396578411780283,0.001079365534755593,0.11394187659505993,0.29475825108273235,0.0,0.1428571428571429,0.14285714285714288,0.10550321918047981,0.04694344253085889,0.18942976795710717,0.0,1.0,0.002129653292443989,0.004832585433206761,0.02693533939398894,0.8764161306456988,0.02259482348106721,0.09388018527348271,0.5955,0.02200000000000004,0.6646757679180887,0.09528896723712639,0.5340796860052962,0.054637125662956046
0.058421003857607796,0.15613845722589342,0.024247425230634643,0.0966028590178506,0.001736893641492875,0.0017358986335098646,0.0017942631150944263,2.1612042229910736e-05,0.0012148680353942815,0.001214919965565402,0.11344371977529309,0.29463481387139984,0.0,0.1428571428571429,0.14285714285714288,0.1039541216616931,0.04721992019833131,0.18575045252693495,0.0,1.0,0.002129653292443989,0.004832585433206761,0.02706892021770446,0.8782157896718259,0.022727900740977622,0.09205674000408681,0.5925,0.027500000000000014,0.6228668941979522,0.09433562540110686,0.5336711780268852,0.06070159505254886
0.058368542904891726,0.15249723710622698,0.022977024209563837,0.09760521664855323,0.0018871394747612812,0.0016010230562319581,0.0019322574171718805,0.0002312488518606847,0.002737224159977789,0.002740030599589064,0.11325786896176429,0.2935622998232636,0.0,0.1428571428571429,0.14285714285714288,0.10034878278336816,0.04698465003034202,0.1779843069019115,0.0,1.0,0.002129653292443989,0.004832585433206761,0.02695524889255544,0.8820144349191666,0.022614657926174862,0.08820788774606608,0.5825,0.030000000000000013,0.598976109215017,0.0933020998781268,0.5332752723354209,0.06823360103482398
0.05840741741326669,0.14740706849721114,0.021508602561961226,0.09932896066333097,0.0020671754301434626,0.0012113824996455354,0.0020909010785968764,0.00040198398547653844,0.002500516347923057,0.00250980576404614,0.11381925337788641,0.2937290626783095,0.0,0.1428571428571429,0.14285714285714288,0.09558956637318825,0.04715898945123229,0.16712778371067935,0.0,1.0,0.002129653292443989,0.004832585433206761,0.02703948138649073,0.8873246727403757,0.02269857288624577,0.08282746406920494,0.574,0.023500000000000024,0.6262798634812287,0.09218386903170361,0.5329469342901249,0.0794707289197957
0.05865008858675855,0.1420262724616013,0.01976767122036994,0.10137784243804696,0.0021157462814156594,0.0005744700513787872,0.002120982835342214,0.0017311245826172853,0.004030994799390315,0.004136744395270795,0.11499758585541188,0.2926508263753436,0.0,0.1428571428571429,0.14285714285714288,0.09110511727640319,0.048247290078607646,0.15565139826356084,0.0,1.0,0.002129653292443989,0.004832585433206761,0.02756529634863203,0.8929381030235884,0.023222405667294322,0.07713984061031255,0.5145,0.01050000000000005,0.6808873720136519,0.09100902729651654,0.5327580938672618,0.08540046158511998
0.059116347084176325,0.13459722969555,0.017731559599042174,0.10421713813493692,0.0022465637741752166,0.0014886267418318102,0.0022794793387931754,0.00241622632130659,0.004836265493338142,0.005007213003694453,0.11560495397797424,0.29208350568219915,0.0,0.1428571428571429,0.14285714285714288,0.08552600029919022,0.05033830652673959,0.13980642705073382,0.0,1.0,0.002129653292443989,0.004832585433206761,0.02857557577589193,0.9006883342834706,0.02422887661262944,0.06928717389823577,0.515,0.014000000000000066,0.6552901023890785,0.08977504255613539,0.5325046909589642,0.08677878974548951
0.05955244838721842,0.1280581125971845,0.015635378636566305,0.10652324123874563,0.0024168855593030467,0.0016959354995019324,0.002456561834368811,0.0015949687165689942,0.003093446210470569,0.003209773119015392,0.11487687862600707,0.2933113380757198,0.0,0.1428571428571429,0.14285714285714288,0.08106369190175372,0.05229407784836268,0.12585952629329233,0.0,1.0,0.002129653292443989,0.004832585433206761,0.02952051120785655,0.9075101646785487,0.025170249891970108,0.06237517880253384,0.536,0.023000000000000055,0.6049488054607509,0.0884709423060286,0.5321468829503467,0.08702678383687061
0.0597781561388739,0.12466112262093072,0.013669900540901685,0.10735448835247101,0.002528922322904181,0.0020156405715722027,0.002582359699529504,0.0007888395413924835,0.0016256257092540562,0.0016798848452871495,0.11416221518841838,0.2943454312699964,0.0,0.1428571428571429,0.14285714285714288,0.07890885115003872,0.053306303092076866,0.11861428487000024,0.0,1.0,0.002129653292443989,0.004832585433206761,0.030009570172644315,0.9110540206950704,0.025657465235896865,0.05878448334582088,0.5575,0.029500000000000044,0.5819112627986348,0.08710751818526834,0.5317050273818613,0.08964444823886965
0.06004682218564274,0.12071413151696535,0.011571097810006013,0.10837990145867546,0.0026157022438437964,0.0020256313550741857,0.002667910427353179,0.001465296463189529,0.002856738398416893,0.0029630743013449043,0.11476191935990714,0.29347810093076504,0.0,0.1428571428571429,0.14285714285714288,0.07658320203806979,0.054511182200896034,0.11019597817974855,0.0,1.0,0.002129653292443989,0.004832585433206761,0.03059171029739691,0.9151716566812592,0.02623741084883122,0.054612424221783015,0.608,0.05199999999999998,0.523037542662116,0.08567283307354016,0.5312332171467105,0.09046022064660093
0.060354284206426065,0.11571643527095682,0.009343982648211265,0.10988725733591191,0.0027640052430615097,0.0018432995561601564,0.00280502195837401,0.0011216649917334055,0.002535326320284699,0.002605858891315329,0.11445727730474181,0.2937045387290376,0.0,0.1428571428571429,0.14285714285714288,0.07380255457109716,0.05589004852975511,0.09953668388811676,0.0,1.0,0.002129653292443989,0.004832585433206761,0.03125791274943032,0.9203854241736491,0.0269011018966646,0.04932974593011368,0.5995,0.05750000000000002,0.49402730375426623,0.08416761043268141,0.530781667511343,0.09165921765908916
0.060749626176444714,0.10935130798452122,0.006929411044399931,0.11211127739139794,0.0028060999808306093,0.0012563410254033227,0.002824943971423922,0.002167687835662369,0.00447656244560962,0.004625359487784998,0.1153846153846158,0.29233691982466975,0.0,0.1428571428571429,0.14285714285714288,0.07074355082251668,0.05766302761008124,0.08596087583375571,0.0,1.0,0.002129653292443989,0.004832585433206761,0.032114531687753786,0.9270257424517849,0.027754491611809776,0.042601662012124404,0.6035,0.05750000000000002,0.4965870307167235,0.08258328929761809,0.5304189155286155,0.10201204966873814
0.061229392583843356,0.101859435564162,0.00434396182828557,0.11504418387436142,0.003006859499422348,0.0008816866440710105,0.0030155371436022976,0.0022152343285680746,0.004506731088321144,0.004661011904008792,0.11542676711551902,0.2923156657353021,0.0,0.1428571428571429,0.14285714285714288,0.06796149044132155,0.059814622604461846,0.06998189892259428,0.0,1.0,0.002129653292443989,0.004832585433206761,0.03315407977957297,0.9348415197538962,0.028790120886704837,0.034682582930318145,0.5985,0.05150000000000001,0.515358361774744,0.08093017899953064,0.5302119472006832,0.10994205557882214
0.06171410665594413,0.09437594043104348,0.0016915032957942296,0.11778028548511983,0.0029990881632188378,0.0017533825046377664,0.0030333498262703324,0.0022671032299196644,0.004553144384803333,0.004713018654788061,0.11547275082195882,0.2922829671362729,0.0,0.1428571428571429,0.14285714285714288,0.06613491970097786,0.061988406252410345,0.0540207894378767,0.0,1.0,0.002129653292443989,0.004832585433206761,0.034204348370620315,0.9426485575837106,0.029836430247427135,0.026772358831142134,0.587,0.05449999999999998,0.49573378839590443,0.07922847618137549,0.5298701344024209,0.09712380611958399
0.062210600882097955,0.08683187106710519,0.0010539509047645668,0.12037513758632767,0.003171352782397362,0.001963188958186224,0.0032119435588938428,0.0022908764763725172,0.004480043442845362,0.0046457990027580715,0.11549382668741044,0.29233446742974284,0.0,0.4285714285714286,0.14285714285714288,0.06534923381135778,0.06421502002790128,0.03793048471579093,0.0,1.0,0.002129653292443989,0.004832585433206761,0.035280141959829814,0.9505187885209047,0.030908168383928437,0.01879810639602199,0.577,0.06850000000000005,0.44283276450511944,0.07745117160122908,0.5294115080982296,0.08118075581782773
0.06259039304876672,0.08130028386115615,0.0037846769356708826,0.12208388165318855,0.0033785884144919027,0.0020680921849604524,0.003420876030713159,0.0005813639359851426,0.0011011554590154514,0.0011445351077175468,0.1139782803626583,0.29471492543901967,0.0,0.4285714285714286,0.14285714285714288,0.0655188072781078,0.06591826333987129,0.02613248559266947,0.0,1.0,0.002129653292443989,0.004832585433206761,0.03610306790057915,0.9562895293054671,0.03172799211504524,0.012951093249778682,0.5675,0.10999999999999997,0.3310580204778157,0.07560773055146182,0.5289398917444164,0.06057601174642025
0.06259863915660382,0.08118171302635935,0.006244975265157198,0.12143138391880576,0.0034867395099913556,0.0021505161488523804,0.0035310425662731086,0.0,0.0,0.0,0.11346287965297641,0.2954906997009711,0.0,0.4285714285714286,0.14285714285714288,0.0655292215952306,0.06595524442915104,0.025879592787606955,0.0,1.0,0.002129653292443989,0.004832585433206761,0.036120935399292675,0.9564132264518278,0.031745792258090585,0.01282576118792988,0.5565,0.14850000000000005,0.25426621160409557,0.07369049639429633,0.5284487903161701,0.03999112455884204
0.06259942450020738,0.08116012540154584,0.008790249735779736,0.12070346977961874,0.0036382805659606163,0.002265410159128592,0.003685390558228945,0.0,0.0,0.0,0.11346287965297641,0.2954906997009711,0.0,0.4285714285714286,0.14285714285714288,0.06552804362107419,0.06595876643765387,0.02583354980407658,0.0,1.0,0.002129653292443989,0.004832585433206761,0.03612263706583682,0.9564357473996707,0.03174748750980918,0.01280294257884332,0.5315,0.20850000000000005,0.16211604095563137,0.07170109691886645,0.5279342292460693,0.01912886335046333
